title,price,condition,link
Shop on eBay,20.00,Brand New,https://ebay.com/itm/123456?hash=item28caef0a3a:g:E3kAAOSwlGJiMikD&amdata=enc%3AAQAHAAAAsJoWXGf0hxNZspTmhb8%2FTJCCurAWCHuXJ2Xi3S9cwXL6BX04zSEiVaDMCvsUbApftgXEAHGJU1ZGugZO%2FnW1U7Gb6vgoL%2BmXlqCbLkwoZfF3AUAK8YvJ5B4%2BnhFA7ID4dxpYs4jjExEnN5SR2g1mQe7QtLkmGt%2FZ%2FbH2W62cXPuKbf550ExbnBPO2QJyZTXYCuw5KVkMdFMDuoB4p3FwJKcSPzez5kyQyVjyiIq6PB2q%7Ctkp%3ABlBMULq7kqyXYA
Lot 12 Pairs Mens Womens Ankle Socks Sport Cotton Crew Socks Low Cut Invisible,4.59 to 12.59,Brand New,https://www.ebay.com/itm/374082408383?hash=item57190c8fbf:g:ciQAAOSwbzBihJUr&amdata=enc%3AAQAHAAAA0POT48oE%2F8hWLD9pGGekRzpjPvHKvJLQeX%2FFNPIQeDZiRkwbApngkoIIji7pqEi%2Brb3XKYN2Ub0VSWbGO89RjmvkCIxbZTkvKdodTxI0RGgtj1X3TlRzNvPR5snFeVT6KOs0D5OTHP5Xz01BsB%2FrZmCov801f3xs5tay3TLmrR7hDZPFn%2FO0BdoeOYB%2FWHY6gx0DQ0z%2FPWguVASAzVj16DibsHtFPymmRvmc1kJfldv9t65UR5wKYrDPl339hLceSUTVsH%2BkguY6DihzHTu6wmQ%3D%7Ctkp%3ABFBM7q35k99h
Lot 1-12 Pairs Mens Womens Ankle Socks Sport Cotton Crew Socks Low Cut Invisible,2.95 to 12.95,Brand New,https://www.ebay.com/itm/394460966125?hash=item5bd7b4aced:g:Q84AAOSwR4lj6g~m&amdata=enc%3AAQAHAAAA0AECG0NnRdmk7HtBZEwJy3OTioe5iIYfbK%2FYB3VO0k%2BoekC11WxS3YLaACIsI3INBfblYYfiQnjOqfQIjn1t6yS4JIlphXhxaWJC6aAZNr2HkAqgE7xH2OiLU%2BSaM5Baqr0iJZCQGJiqmrM%2FFb1jLiaaeHsuT7s8wu3LLvdvhrMf4oEoL%2BUjMXB9I%2FVVZ%2Bqtygw677Roki2IMo0kaQ5f0kcuu2%2FWoGhBLmn8baO%2BbkP635z6Z2bjWr7h4kMnSUxm0lmHvuI7d%2FKcyWQVh4kxu5A%3D%7Ctkp%3ABFBM7q35k99h
Lot 3-12 Pairs Mens Solid Sports Athletic Work Plain Crew Socks Size 9-11 10-13,6.99 to 17.99,Brand New,https://www.ebay.com/itm/153839813369?hash=item23d19142f9:g:DTAAAOSwKHteTwuh&amdata=enc%3AAQAHAAAA0KEmY80Uor5SCEQHcNskf%2Bx5nFobpOn8HVSF%2FrIZuaR4OGeMwpmTqvF4XEaKCTDVktmbwrxfoTa7yXRQ0LLEVAhvjXN78F%2BwUMmG%2B5NXuILP%2BkAHskk73atp9Oj%2BhnoVzxoqJ1SEKez1NtJF%2FKboFn0Zo4p5ELBK4OajB7Mrq5PWTVUcshdQFXXZVL0PyG9D%2BtqLz5COFFJkQizJQVMVG61aS0%2B%2FQv5qEOEKsBYMj5gNrnL0MPIdUISZliOYxRoq70Z5WFEt0WJlX02yMuqs0HY%3D%7Ctkp%3ABFBM7q35k99h
Lot 1-12 Pairs Mens Womens Ankle Socks Sport Cotton Crew Socks Low Cut Invisible,2.95 to 13.95,Brand New,https://www.ebay.com/itm/374164004681?hash=item571de99f49:g:JcsAAOSwloxjd1Rn&amdata=enc%3AAQAHAAAA0JIpYkobqH%2B6yBglmFZNr9dtvp5ib0r%2FTP0ebuXGP7DdvLYa%2F0zXGdmIfcI6tTL20ggUfHg2twpkUTU7WLH7Kmr9yhj1zjMklWxavdzI2ja202pLN4wLVQJN%2BVK%2F9IquFaqTu%2BEyWOYIzQcREFGziFAcTjaBx%2BH8bpbJPcQzmywTvxql8q8V5jR5ZlbAF2NgKgqrk3QnjLzVEFFTb%2BOVBwrJZZ%2Bvoo2JiSGu6%2BqkPuF%2FsJFsfG3Ce8OQOMu63M5mSXvYGdWGcuuVEY5ppuTiew8%3D%7Ctkp%3ABFBM7q35k99h
"Nike Everyday Plus Cushioned Training Socks 1, 2, 3, OR 6 PAIRS WHITE OR BLACK",9.59 to 22.99,Brand New,https://www.ebay.com/itm/185490224081?hash=item2b301433d1:g:vyAAAOSw7ZRZjVG9&amdata=enc%3AAQAHAAAA4Kp6JGGcFvXK5f6bIYRq6niipbJ8xIa6zqK%2FizGm%2BQowGbaaHHxN%2Fe%2BzVFsDJiaIfS9wb8n5j9Jmiz30IHe%2FK4mAjD2USoDuCDJYMy0c%2FTYPZZWxW5Z8ra4wNPWZpgZH5BYF6JQWVFvNoE%2BiMJKc9ogxzQA4Q23tImhYGaLcP05663D8la14xmGKoLs8OE29gYdsSCdKQnjM7k4LdTJjPOxyFQEmsg0IiBv9zOr92KENU1ep4roBD9yWXMGFTkPijanOUqWniVALoz%2FRMqcOVx7pyp6csqI53cyn6fHisALl%7Ctkp%3ABk9SR-6t-ZPfYQ
Compression Socks Stockings Womens Mens Knee High Medical 20-30 mmHG S/M-X/XL,5.98,Brand New,https://www.ebay.com/itm/224853006520?hash=item345a4898b8:g:naUAAOSwK4thFI3N&amdata=enc%3AAQAHAAAA4CDvZygc7t7XMqOcPTAqCyS9Lrgb0j2lruxWjqQCiRPE0ammovjfTY0S0l8AWfcaoyXJ8i68ysxhCbJc2kzpMaL8BicCd%2FJ1yJSSSfb9DAGwsSxmALlCDpg8b3UtvdkKH%2FE%2BiSso0IFqe%2B5PnkIpusKEo92cBswKNGwG0c2qa8zTXETFapX25Y7l50BbRC6NHbS0CWvCMnnVFbdOngbzpglwxbDW1IOcSofUp3DZwRb50HhSUEmPQGLOj1dVft5iSPf2SH8ZzJLZZ6YrqZjbMwN24DoFT85wbDHPh4CEcKgD%7Ctkp%3ABk9SR_Ct-ZPfYQ
Mens 3-12 Pairs Cotton Sports Comfort Ankle/Quarter Crew Low Cut Socks Size 9-13,5.88 to 12.99,Brand New,https://www.ebay.com/itm/165058438311?hash=item266e3fe4a7:g:w0UAAOSwsG5hN7hv&amdata=enc%3AAQAHAAAAwDzRK%2Bsfg1h3sDchUM1xdBOR3n%2BnBKLNM7O1%2BL7FcsF%2FZQhPl%2B6Tv%2BT23SEB3jUcBhK232qxp63C8IimEDpPGyYPNucCNhA0aKZMEdXGueSo8pi7302fbgTiXM818M8R4n1HUmP5XxivBFez88N91zyY0XidS8XdYZ7w2VK%2F37ThYP6QiFHMBr2k0y262YCIbl%2Fyp%2Bm9vqTuI3IdGQntEN5nEfF5G6j9xeFFjoAHcTAIeFkXdc%2BHzZ%2FJUsW4X6QuuQ%3D%3D%7Ctkp%3ABk9SR_Ct-ZPfYQ
3 6 12 Pairs Mens White Sports Work Athletic Crew Socks Cotton Size 9-11 & 10-13,6.99 to 16.99,Brand New,https://www.ebay.com/itm/331751474992?hash=item4d3dedc730:g:M3MAAOSwwPhWkuVk&amdata=enc%3AAQAHAAAAwLUsBy9WDOD49VSFCaSJbcdJJkKC0LypK8xwH0KhPp7gPbKix4TiFnLTxsDfkVguVxm%2BkqGL3IQFrEc6i6hXaC%2FHQlINnZHO6cwkYRtof4vr3Sl%2Fewm882gUN5GAXGz7HPCFeSXT2UhJpxfhzCiLrcPqY%2BJwtlNhIGX%2BhHk%2BTieT2Swap0D9XAMSsFGkBCexFntCl4cvtTX9Tjs3Jmoey8IUvawTk0paCJneDfnt840eMDqqQgl0aqe72JQtn3TQbQ%3D%3D%7Ctkp%3ABk9SR_Ct-ZPfYQ
Mens NIKE Everyday Performance PLUS Crew Socks Pick 1 - 3 - 6 Pairs Dri Fit NEW,9.77 to 23.76,New (Other),https://www.ebay.com/itm/234105580588?hash=item3681c7ac2c:g:eDEAAOSwvddfxp3a&amdata=enc%3AAQAHAAAAwIqpfrS8dtrMA242z42VT07Cn6lyUek3PZvN9ZhHqF%2BSrif1oOjMZBnbJ9Zr%2BfwLZJ%2FOHl%2B5DYZw0vthq4ATlHfM29iNM12%2Fu3CXYqnvMC2xlgX%2FjDE8xtn6WV9eaF4ltTbqPanWhxTh5NLj%2F0RIqoED%2BT5BT6TcpAmV%2FZBRAEfTA0nKQ9CHlQCZPCFGrGychmFuX%2FXChupPWsSEnJwY749Mz9mzSayB3sL9ls8o2X0k9BDljJCTTuQJ6ITQd92uIA%3D%3D%7Ctkp%3ABk9SR_Ct-ZPfYQ
Feraricci Men Bold Colorful Solid Crew Casual Dress Socks Size 10-13 Shoe 8-12 ,5.95,Brand New,https://www.ebay.com/itm/174105225203?hash=item28897ae7f3:g:wDsAAOSwjT9d2cfU&amdata=enc%3AAQAHAAAAwBWbvirTgWYacNzW0lzxV0DHF37Ye6M98%2BFZbEF%2B09nfxfvd%2BbMy2R6ZCQNxTDnEtGkYpFEFjbFmmabb0zjU%2FvY%2B5ww%2BC%2BD6ndpz5gLlEP4N6%2BbHpHFXZIFnSAFO7WBDeRXtTABAJ6syBgLT6tDQVeOah%2FVquzhtovirqgsUuUXXVTYfIT5QcVv54%2FCEnI8%2FHsb%2FRgyfGW4ijYZ55ZH91eIHw7AFPTFVe%2FjqBXeJmr40kKVLz5Svh5WRQDHXG8UgOQ%3D%3D%7Ctkp%3ABk9SR_Ct-ZPfYQ
Nike Every Day Dri Fit Plus Cushioned Training Crew Socks - One Pair Only,9.99,New (Other),https://www.ebay.com/itm/175223989204?hash=item28cc29e3d4:g:4gIAAOSwedJiYMMg&amdata=enc%3AAQAHAAAAwD9NoSTurhSZ6Fg1ZM1aX90fl98Qg4WnH5hhuMYncSeuhB7b9RnL6NvgVBODVFO24iiO8MAuIpZNMyeVx2DsC33qRohrEde1cp39qpb%2B%2Br6iFv5ECZSub9Z%2BoJzLAQe6uhXOnSoDEHNDerAC06TZngmXj%2Bbw6Rx4NLshrdwwU5unwoarBJ2YfQa3RE%2BPBHzlUSKd7qP6HgTTy7mAg1BV2T7gd9XXZoBgm7SAPxqYcRFsVtUIvZMIpamqcCfkc8F7gg%3D%3D%7Ctkp%3ABk9SR_Ct-ZPfYQ
Lot 6-12 Pairs Mens Womens Ankle Athletic Socks Cotton Low Cut Casual Size 9-13,7.49 to 11.98,Brand New,https://www.ebay.com/itm/124120227874?hash=item1ce6246022:g:NdAAAOSw~HBeb9Ul&amdata=enc%3AAQAHAAAA4KODvaqOV6ROpVfg8KJzqkCn4lhw3ZYJZPfAOOUZJZXY58JeFzA%2Fn3o%2FJpP2Cti02laUK1QtOzSYWt%2F%2FDejhbHK2ZrHNU6ymF0eowzFVehkjyJy11SXXTNEIrxPPXiT04oTlVxIdYxw0yZ7JWScWo%2BqhhfpxfHUfpKxYYX7p3%2BMM1Mpy%2BB%2FgWvPoezfatdQaOAfOhRDpV5xSdU6aWt9zP2qHonQKSarFtsXO42JT7vA8BL%2BUtio%2BmGodVatTPDyRl%2B8As5GEa8lkmjtv6QzJERxrrhzsWe0igIy5MSuBGI6s%7Ctkp%3ABk9SR_Ct-ZPfYQ
3 6 12 Pairs Mens Black Sports Athletic Work Crew Cotton Socks Size 9-11 10-13,6.99 to 16.99,Brand New,https://www.ebay.com/itm/331672047040?hash=item4d3931cdc0:g:vd4AAOSw9p9aigQi&amdata=enc%3AAQAHAAAAwPEoHSUbXjflGH7mDUQy7Re0X4iO47p7QJXn%2FANCinH5ao0U8CLkwxJWpfmBmUUbVqck0PDtF1k5w9qSPqs1iXw4tN5NfhlRKbAGd80WSbhLbNZU6DO08wNGCVimkjnOlDaLnvbDI9lJQLlJm2HJPK78ujtmPa2EHQeB0tz%2FDU1t%2FVS6XXGnM0FLD8R%2BZSbLAe2XU34orRBSSTDgcSskc%2BqWStiF%2FIjvCvcZsO2KGOqUiWguLU7vXWsFTaX4UNBj0Q%3D%3D%7Ctkp%3ABk9SR_Ct-ZPfYQ
Lot 12 Pairs Mens No Show Socks Low Cut Anti-slid Casual Invisible Liner Socks,2.89 to 11.88,Brand New,https://www.ebay.com/itm/265847037002?hash=item3de5b7dc4a:g:rDAAAOSwjL5jBWtB&amdata=enc%3AAQAHAAAA0NGvcDCXLLwpG54p7HX%2Bc6%2FQDCCLUdG0IJqXLtFAWY10py9eCIPHlvnBvZZxgoxcHjL2QKtvqzVyGNjR43uLZo8hojnOFYeZ6%2B1PJcCrlhq0Ul4j1VFPv%2FyHW1KqAs0IwMm0vnDMY1Ocw7ylp%2FWz%2BKpLLzgMgrReOlYdzKFW8wgzFWc1vVYWmgFgn%2FMLxYIV9COmjLf%2Bglj8GKnePpr9%2BlMi5JtH%2FR7plqn5gnqExkJNTaa1%2BPr8hVeWZvmyTpo6FQ2UFvchiAPZTTY5kZJp5wE%3D%7Ctkp%3ABFBM8K35k99h
"Hugh Ugoli Cotton Diabetic Men's Socks, Ankle, Loose, Wide Stretchy, 4 Pairs",16.50,Brand New,https://www.ebay.com/itm/265881772147?hash=item3de7c9e073:g:q34AAOSwpO9kEmBp&amdata=enc%3AAQAHAAAA0McNin65xsB%2Fhl7GXKT4nkpTN%2BIg9QTKij9k%2B5x69DbhYdf5tzsu%2FNdMDV6%2BDN672SIzUXmEZvNJs9F2d%2Bgiewmp56%2FWk8FIxl%2ByCUQCuK%2FhoNJnLSQUEXfa4dXMZolzXwkslw4S%2Fii8EITL0yrLeMB%2BGfzmp%2BC96Sx4Q8PBOaUxgisGKUudeQwqfpxlTHIDrhs2PRB9y0lxROmu1j1oaRqDZzwtLwjoNzwSXl2kumMlOPsRE2V42e1Efn%2FCCHOvPJ%2Bh5pYR5QK98sXvfeR25GM%3D%7Ctkp%3ABFBM8K35k99h
3 6 9 12 Pairs Men Colorful Funky Argyle Diamond Casual Cotton Dress Socks 10-13,6.99 to 18.99,Brand New,https://www.ebay.com/itm/152764894101?hash=item23917f4b95:g:OcMAAOSwZtlZ9ktf&amdata=enc%3AAQAHAAAA0MN5NR35yvZV9tWSdSA0qPJug5vfovJk04KGMJRldzYaI5iLyxE61j%2F5%2B%2BVJP9uYjo%2BuKBqj4cTJvRRecZ7RJVnMe6WZsR18kBvAE28C%2BuzzQsIFcifwIMI7IgesUXfHbwbLr%2BYUu4Fi4NVFV0ZJH8hcy7eqZCsAYoPcFgxsi8tkha2oYguW9ibB6Q4B6dtjsokaoA%2F7xabF4%2BCKQXrNrSlHL3c%2BChXuS95DAs312ERwGaMxvbcNaVvsfDwQuDp6GNpvAYMfZn27RVgXkXVialk%3D%7Ctkp%3ABFBM8K35k99h
Compression Socks Stockings 20-30 mmHg Medical Knee High Mens and Women's S-4XL,2.84 to 5.97,Brand New,https://www.ebay.com/itm/172389512199?hash=item2823373407:g:Ua8AAOSwEgxj9nR-&amdata=enc%3AAQAHAAAA4HX%2FOyWQBiFfL6xJ4CNrY6yczJTSg2f5z0L9b46j93yuitxNRarhTtTXacRgjptt6rHrHMs2u2lNLVHMrnMqV7GNgdq%2FYd6lwFPb65A0UmQQwzJl0azZIAtEaqZeSqgunpb%2FrVb%2BxgBPWsX3dhXQATNLVJL%2BgmtzRcH%2BSXhSuiOt3KWKTDUHujZKxe5vDMq3sj9MaFesmZljLI5W2xGtJy32mxxxYCukDXZc8Z3yi37twfkitPNJ3W0g0ewEmR0ce6i7CK6t4fuoIMHvKCd%2BdTLeS0LEFCDmTHSnlrf56mQV%7Ctkp%3ABk9SR_Ct-ZPfYQ
Foot Pain Relief Compression Socks Ankle Support Sleeves Brace Plantar Fasciitis,5.28,Brand New,https://www.ebay.com/itm/224853004316?hash=item345a48901c:g:OIMAAOSwIdFhHEuE&amdata=enc%3AAQAHAAAAwFm2SzK4nJXwsm3PWBoeU%2BRqtyvoy3a8EtiwsdcsrTl%2Fc4phMOLS5ufoE8lnPUw3K%2FrO6HYI%2BIc%2FwcXtMS90WVUIOivCIhU17QnsMOG7qxJdpvILxbj5PZWzPeism3elDTGO4fbv9RDSMN4REJeWlLxUSFGncIOt%2BiG3UpAYFDQp2RkarvCnEegWdBJI7iSGqcWGfU4dGw854YwOz64eDfr%2BGD%2FNMWHrUz2OrXmg9eXDUX9H2OCWhkMwGY1mQN%2B97A%3D%3D%7Ctkp%3ABk9SR_Ct-ZPfYQ
5 Pairs Copper Compression Socks 20-30mmHg Graduated Support Mens Womens S/M-XXL,9.89,Brand New,https://www.ebay.com/itm/225477695044?hash=item347f849644:g:K9IAAOSwNUdkDnfq&amdata=enc%3AAQAHAAAAwHcqFVUx23WmJ52hmQKy25%2BbwkO4Thx3VGSDwQSsThSj9SZ7FzJ0KhTBjGn9G0nsRlpvZPomLqOmKJJcoX099mLFWoap2SZTjnRhfZaHCr9BEMg22LDma3JALq44kPVv6kPyH6PfT3gWAFnAbtl9Zmt3TGe3NmcSlOXeCbgOnqAd2%2Bqr0nG6MEC7HrjTgUDIV%2FmBFgH3Pk1QT%2Bg4D5DduCKqJg%2FSNxAc5gYLDaFMMk%2BFR1g1PRuBRoGmhvK9QB8SKA%3D%3D%7Ctkp%3ABk9SR_Ct-ZPfYQ
Lot 12 Pairs Mens Womens Ankle/Quarter Crew Socks Sport Casual Cotton Socks US,4.59 to 11.95,Brand New,https://www.ebay.com/itm/374220834292?hash=item57214cc5f4:g:qD0AAOSwJsdjADRK&amdata=enc%3AAQAHAAAAwAHyfSh3Te9K39zkpXFHUXnDF5QRV79HvVzCZcBaRo2e67lqIgXaCHm8RSC6ZIj%2BhaOf0gvRZWnXlDIgSWdbveoYKC%2FVLf2xXocvlEFT9pcyN%2F0j0niisMNf1dtLHMO8m9bOvdzv9Pky7ABbb%2Be7BZJGs04scUMsQUHIzihe%2Bdt2CGNCYm%2FSIybmfy1RmRGmH3I6D1cFwyY4lO12HpJaWKmZd8TMLYB8itdfidskh7TGhmJBZPU2dwnTbchUJGwVCw%3D%3D%7Ctkp%3ABk9SR_Ct-ZPfYQ
Nike DRI-FIT Elite NBA 19 Basketball Socks - Mid/Full Length - US 8~12 - L,19.99,Brand New,https://www.ebay.com/itm/134344100875?hash=item1f47884c0b:g:g3MAAOSwYD5kCAmk&amdata=enc%3AAQAHAAAA4NTSDAIHv8FmIW0iACMEg3sEd5Ln4s1ziFivbRziMnI5Kbgpf7begnxMzRGhrsbnW8GsBfM5VBWiSi00%2Ff7c8PJy3VM3ctyvaZtN781wcnnma%2B6EUIjztuguBDPqC%2FRj7fhPEedSCOXPw%2FjpX%2Bva%2Bj31LbcwIN7dNutoRmk%2B5nIewDH%2F79dMDU2AubtQL2ihN2dQmS8p%2Bj7cWjB9YwnzFD1WTiE1nGQbnx6ljRcSIyt8e0TwJixNDCpQOp4HxKhTaH1hi5ZTE0N6TWofDEW4uPSDTh2XtZVlZkiKEmqImXZs%7Ctkp%3ABk9SR_Kt-ZPfYQ
New Lot 6-12 Pairs Mens Womens Ankle Socks Cotton Low Cut Casual Size 9-11 10-13,7.75 to 11.95,Brand New,https://www.ebay.com/itm/331263544311?hash=item4d20d88bf7:g:6PIAAOSwjbtahSW0&amdata=enc%3AAQAHAAAAwE7oUN%2Bk%2BMxAtqfeTxv3I5UtcXyvY5%2F70xTpc21oAzLR4YWVb5%2FU3nIUsSTnPm6dUgKlHdwsOdNMVMBc7Qa6c37gDTwnfVZeHl2flD8hAyKW6uWcDj2UKNA8%2Blh1GrgqN9Y7gLgPK4MFlhwjm%2BZr5ZieykNBYy7HVA7BEiDX9e5ZHBAoUmMJftdFh3flhjOLrnqTwUvsNfddSMtVvt%2F7kMp%2F5QNSnR8%2FqL1K4EUziWBo9gR%2F2o4dxg4w6qfbspy5Wg%3D%3D%7Ctkp%3ABk9SR_Kt-ZPfYQ
3-12 Pairs Health Circulatory Crew Cotton Diabetic Socks White 9-11 10-13 13-15,7.49 to 18.99,Brand New,https://www.ebay.com/itm/153903226239?hash=item23d558dd7f:g:aWcAAOSwRS1eb79k&amdata=enc%3AAQAHAAAA4LZRrX6F6GR6R22zr7UZRbwN6diertwSENcdCB2uJGhMlRFnvCU9F%2B5KNE1t64KnPOB%2FJuhrSQfeccnDt%2FJiKkmP%2FT1iiy%2BXRseBYdtNycK7dIdD95R5oB%2BBDSyTDksbywY1aRRzPEgcKbnrLyOs6HiJuGrzQMCryfmMjJt7OK3nnorEuyjj1zQVoATKMhIefd9TpuC7Xmu1sAJZef6iLnNcmRaxLt1u3dd4P7Yio7W5kTpAQlGuI6TQC6OPyC5WBawejty5tmhA2pIGKnhr%2Bv1G1wM5aZbylKG0GmQwhz%2FS%7Ctkp%3ABk9SR_Kt-ZPfYQ
Mens NIKE Everyday Performance PLUS ANKLE Socks Pick 1 - 3 - 6 Pairs Dri Fit NEW,9.77 to 38.24,New (Other),https://www.ebay.com/itm/234324606635?hash=item368ed5beab:g:PSEAAOSwVYFg-HFh&amdata=enc%3AAQAHAAAAwK%2FZ6FDJ%2B9haB7UYFTGsI3e5TUZSpE68n2BrZ3G%2BNCbbejyDcYf6t66n%2BztskxXKR8QMmheMoE24pWqs0SzLhIqXzW3MWK5pFzldqlOig9o70uenaVypWae8xKE5qt%2FnOKBVE1TfMNLfxPuEQM3aRCylAIY0chFZhtKe8AY8Y40FGi1GLNLt4u5qm1PDjSloKwRtlLYafpDdKhtA0Iz3zWP6zP85g9XcR%2FfOTqZomZvY4aTn2PLAF%2FyXMhRYNRRnOQ%3D%3D%7Ctkp%3ABk9SR_Kt-ZPfYQ
Hanes Men's Crew Socks Pack of 12 Cushion Comfort Cotton Fresh IQ size 6-12 NWT,18.83,Brand New,https://www.ebay.com/itm/142856835630?epid=13052096828&hash=item2142ee522e:g:r8EAAOSwDIpgK-Q1&amdata=enc%3AAQAHAAAA4GzsAfCxi0a8S%2FqDT9vHiBYBHh3fOweahWI816%2FI1bJe63G6z99w9PAzJ5pm0sHgDPxHGKp%2Fa%2BW%2FscC%2F0RO%2FVeVZd1rKs2beb5v2OO8idsI1Di82rGqBrVOKIlMyFRyTEUa%2BhbBFQ3EklgL8QUVKjz%2Bb5Ra%2F0aK83OyWg2GEsGBG8Ay7nzUoocyG4QwYMBocSVO6jO49LoIm7kqNWsxTIAotgHG%2FaJoLN%2F05WuO7%2B5ZNEyrR1JbnUdK%2BKXdRueeFn2%2B6Yq3TOZNwZOCdpafL0viNck5cyeeudGk2bwgF02Ay%7Ctkp%3ABk9SR_Kt-ZPfYQ
New 6 Pairs Mens Black Classic Dress Socks Calf Casual Fashion Crew Solid Sox,9.99,Brand New,https://www.ebay.com/itm/333324676679?hash=item4d9bb2ee47:g:FfEAAOSwMx5ddrO0&amdata=enc%3AAQAHAAAAwADhSr7%2FukGb0G1fTxqXxYHdOm3seOtTHCbtKlLWflieXXtgo8pcM4Ixqr0wCdVwEISxhwRyF8MbmGnx0eWH89Od4yDi1cPl5%2BcZf%2B6sFVcvLkTebqNmyzPQr1wvFc08d393R3eXO39uM5ZI0Lt3y09ISftDGz3vGi1jHog5HEB%2Fw0jBfSZrSrJ0WCQBqyobg4aTTzTbfuotURf9SkrQnnHxtP5JUYg40hskhNFTEFtnXSwI7E9Z2X9o95x05ECx6Q%3D%3D%7Ctkp%3ABk9SR_Kt-ZPfYQ
6 Pairs Mens Black Solid Sports Athletic Work Crew Long Cotton Socks Size 10-13,9.99,Brand New,https://www.ebay.com/itm/163078288492?hash=item25f839346c:g:XUgAAOSwj6lbEwro&amdata=enc%3AAQAHAAAAwGHTNOVCkbIoVbJnRO5Hm6V1RIcSbv9KRfVS0%2F43uDeRsIPdXk%2Bx%2BKitMPsrOTDHEu0Fl36s8AinWJwHRTpBW5u90MmjeinB8wTlKgCAV8apdpiqVia6HDTPHKULGZoqdp%2BeKuBNQeWEbYDbvZJEEMUbFRA709h2QhIUnz5Dq7ruT68E4otxYsWUmMTj9kP97qJngi1CA5hh4ZJTzeHNocNuMczpfIDMPE%2Fyqs1LQHg163yiLPvJ%2Fu%2BhQBJB8GS6cQ%3D%3D%7Ctkp%3ABk9SR_Kt-ZPfYQ
3 6 9 12 Pairs Mens Women Diabetic Health Quarter/Ankle Circulatory Cotton Socks,6.99 to 18.99,Brand New,https://www.ebay.com/itm/152764875455?hash=item23917f02bf:g:gOcAAOSwO7hZ9kge&amdata=enc%3AAQAHAAAAwER8hQHGOxGKIhOLkG7zrbgTD7nDzUJPTDGpFFE6XfvobXlEh5L8lsNe8%2B9OxJzc4NFIc8AMlhoJDrlNMLtm%2FnYEE%2BXs3%2FIwKveUrEA%2FcayKZi%2FmTjintVx6L4VJ%2BPFeHUnNElTAYT0BboXBczYMc9CiuWAtRoFYvJj2qkTIzdzkg9i%2B69JjTQaH2CmSWJs%2FSzWMm9sluukCF2kvQ%2BTPv4sCHfJdctscbCj%2FHYBLxddy6sgkt15SrqshsI5iBwD5Og%3D%3D%7Ctkp%3ABk9SR_Kt-ZPfYQ
USGI USOA Military Antimicrobial Boot Socks (3 Pack),14.95,Brand New,https://www.ebay.com/itm/303227545396?hash=item4699c52734:g:OBoAAOSw1p1kDBBf&amdata=enc%3AAQAHAAAA0NtmrQL0%2FGEtmCa0gxbuGeL4tA9Kre0PGsPLZoUjFZnPveVrmJ8lq5MhMbg40uepf3%2FWny%2Bu6LfYS%2Bony7BGLd8riP8QMWaLUVFTxjGYwRj3I6mgfR6uCVbyfHXsqdLi%2BXaEh0nuw3sBbKZR4Uo2H7A%2FT%2FOf8JdajNp3PuzVZjRz3EQGS6q2lCMtzTzz9b0RejixsSlr7puJccoZ3mucjcSKUVQutHs2AdkJBD0mTV6b%2FpxWk2Id35JBMKeu7QpUYsXbChIXWdmdtBBMiB%2BX9vg%3D%7Ctkp%3ABFBM8q35k99h
"MEN Thin Diabetic Ankle BAMBOO Socks, Solid Colors, MEDIUM, Casual, 4-Pair",18.00 to 33.00,Brand New,https://www.ebay.com/itm/264461506940?epid=9048236714&hash=item3d9322597c:g:Bh4AAOSwnLdjkv-K&amdata=enc%3AAQAHAAAA0Htq15A73ntSRYL2ZRbSTZ2ldl%2B9wKtJn5814aE3zVYVX8FqQ0i%2BmjazCELKakl8Nf1lzIRPCas%2BOyYBwNNgGqWkFc9Bdf%2BW7%2BdpmS5rGPGr3c%2B6de1%2FOxlBBSyRBmzS7%2BO1j5V2Qruyot5uTPGCjtcsi7UGnmzq%2BBYD37aaGju99cvfyqBgSX4L9Wt9Us7nH6iJqHrLcQz%2B2%2FLMETtyUUfOwUUrjI2K1Wfgy4GKaaaeSgeBx3cdbRjyvwQ77G2Zg1popbFFkWiWaWfHidTNfMw%3D%7Ctkp%3ABFBM8q35k99h
Lot 3-12 Pairs Mens Cotton Athletic Sports Work Crew Solid Socks Size 9-11 10-13,6.99 to 17.99,Brand New,https://www.ebay.com/itm/153536585087?hash=item23bf7e5d7f:g:roMAAOSw7J1dC9YY&amdata=enc%3AAQAHAAAA0AoPE1VPwShfMdhLkxyuropdhjwChaPPShvW0gX98TdZaYOddgVwnl4Tu40OTDPWyii4r0fUbkxDA%2BmEYkpBHSAitKxkfR3HvAc9m%2BnQDkGDn3GDUw%2BBd784xlT2R9860XrZszMX0n63Cg3PcDK9hc%2FGt%2FTu61V1%2BgY%2F9tV7hvTN2zHgu2UJCYlKvkcb3xA2smTqzDrLxkvDlzNW1UDKVKNERWjcwGdQkgh%2FcNfEaRIahraraBkPAIF3oOoZnv%2BQixxbZIOhZqr3B%2FWJ61BgXOI%3D%7Ctkp%3ABFBM8q35k99h
Lot 5 Pairs Classic Dress Socks Men's Sport Socks Cotton Fashion Crew Solid,9.98 to 11.98,Brand New,https://www.ebay.com/itm/294905011973?hash=item44a9b55f05:g:SXMAAOSwghZiS8X1&amdata=enc%3AAQAHAAAA0AWozttlHKTa5duXTSjGIHmzGcsJkHzBtLYXUFdvQVq1n2Iq1VTGh5uiuvSS6h1WCIGrCvIt121wPYUMStp3Qact3H9rqOB0rCrjscx%2FfBsT80933ct%2BdtFtJGGqvMBb5gwfmyaZbbhO7Y%2BGTUQjQyit%2BZfr25tJCgikzavQRsFjf4yGxT0yx3gycLJgFxnfDfAi%2F3d6fQQmaBXXTFwoNYZ1koq8aRHes7sgo96qSt%2Fdcdfd0kEu%2BkzUIHz0%2F7SDqkFPgt5LShKtHkhizZMg%2Bis%3D%7Ctkp%3ABFBM8q35k99h
3-12 Pairs Mens Plain Solid Cotton Sports Ankle Athletic Socks Low Cut Size 9-13,5.88 to 16.88,Brand New,https://www.ebay.com/itm/144876375832?hash=item21bb4e0f18:g:4ogAAOSw2rpjrLX3&amdata=enc%3AAQAHAAAA4Bg7MJ3lmutYZd6BW9kT6Bpf5jFHi%2FV0jdvwwEC3DlRNlYWdsW7aEst4Kxqv1zwLBhbADoq8TODbR6gDoDFRfjiK0dlOnjyj%2BvEY3WVlgv4nRazGceB7J8W1SSQxS2IO3teq3M4dptW8jD8KMu2WX2tETeQ7Do4eDlT%2FHSBUq%2F3X3hJqkEaRwEpAfMF3jtg0mtlyFasf8NjlGEhePMxL%2FjMlrPnsSayFzCe5jrF15%2FRwoUXUq6u5AAZpcaf5l7rTedhlP3Teihm30FFmvXNW3jGAG3N6mVImvm5yWe%2FTQtLh%7Ctkp%3ABk9SR_Kt-ZPfYQ
Lot 3 6 12 Pairs Men's Circulatory Diabetic Crew Socks Size 9-11 10-13 13-15,6.99 to 18.99,Brand New,https://www.ebay.com/itm/253488900899?hash=item3b051dab23:g:QzwAAOSwipdaqHNV&amdata=enc%3AAQAHAAAAwJArlKeaH%2F2VryqSRSep%2BvUEGbVh6lK4NwcurNmAS9KZz149KmIRM6jwOGS2QGOi2TACVX0tu99RA0hhppcc25fSwAtK58hc3zXSp8jLVAiDQiDn0i7Ol9Wm6NKpWibs7r60kmrZY7xzOXI%2B4JEB02%2FIqx1vmmjGvk2ZilMGjEatyk%2BbpouGOP91YkuttcoRtCalPvbgGlkn2Nxz3B4gkAVxWuzKUT4BpTyAIs5qSrWyJMUHbxwC9H7TzJduJcJ4HQ%3D%3D%7Ctkp%3ABk9SR_Kt-ZPfYQ
Authentic NIKE /  CREW Socks / 6 Pack / Men's  8-12  / Everyday Plus / BLACK,25.00,Brand New,https://www.ebay.com/itm/144956979866?epid=7045226705&hash=item21c01bfa9a:g:CIYAAOSwoVtj9e-6&amdata=enc%3AAQAHAAAAwJYVVzXa2wRsXUXl3Rrq4GqEBuitqZBVb2rve0qqseKGpmcPe3%2BInUUunNFaxVjDzWtGP%2Bo%2F%2BK6eoBMg%2BWZnTwHnHJJRBf%2Fx%2Fb%2BkW%2Fv8qEc4jTl4jGbrhELnJTI03fMPwitnerUKfGyH%2B4UQyXxdgmk47jXvt%2BKPPdgiBSDnIZUF0MoH0bFR1eAjUuUsJLjf3TJTTNAeCw0xK0%2BfEti79cHz6JiRi1Wh8hyum6%2BiO5RwUVOi8g5T0NOu3XPB8c4zkg%3D%3D%7Ctkp%3ABk9SR_Kt-ZPfYQ
(5 Pairs) Compression 15-20mmHg Graduated Support Socks Calf Mens Womens S-XXL ,12.99 to 13.39,Brand New,https://www.ebay.com/itm/283581994948?hash=item4206cdd7c4:g:zosAAOSwL0tdVdn6&amdata=enc%3AAQAHAAAA4IMUF2amqzQEG5avyDnanxA%2BzkHIszyVLZ2Fj%2BY7TPMZ2LcwDL64E4Zbs3TS7M6sOlQ9NRKRvgPgRnqm%2FeO7NrFvJD9x0JsavEf2e8imLcT%2F1HuObnATon26jntnDoeXCIs67XxRaCw406VjcK74j14Rk7cbZ10Y9md%2FDWVDE5C0u6Em%2FvPRI%2Bj1%2BsLcZ1kLoGZLwa4tSr4pf38S3bkXkc8xycBIwDzXpL5jgdvXYR%2B%2BUoUJxhf%2B5EHY0vRGGywJ6%2FRvJrxISPJ8i66gthd%2BCty3DaV%2FeBBfrtMvNqMKaJ7%2B%7Ctkp%3ABk9SR_Kt-ZPfYQ
3-12 Pairs Ankle Quarter Crew Mens Sports Socks White 2 Tones Cotton Size 9-13,5.99 to 15.99,Brand New,https://www.ebay.com/itm/163073231466?hash=item25f7ec0a6a:g:xpUAAOSwWe1bDv0f&amdata=enc%3AAQAHAAAAwFj%2FE%2Fa3Bs0ufyuJ5pqPM5Zk%2BKAS5Dm1BqjdJckd11ynp4oqgqPiuJhOmWlHLOeUxNBlAis9%2ByHUVWCJn3HHZm8RiyGdQMjW3%2FKJmuUDsOFvfnIkVZUPfkDERw8qREtFEpA3EtIl9C5J4x%2FCKbS6y%2F1NyYltbB6fO4Yc7IA%2FO%2F1v5FsgkyK7vgVOIMiOUjE3MC0YFfYWOLsGi6gurk0C0A9peDFI9Z949HkBah5j6o754RApCddmqjS28mGkLBbgSQ%3D%3D%7Ctkp%3ABk9SR_St-ZPfYQ
(3 Pairs) S-4XL Compression X Socks Knee High 20-30mmHg Graduated Mens Womens ,7.94 to 16.99,Brand New,https://www.ebay.com/itm/172327865852?hash=item281f8a8dfc:g:1BgAAOSwonph-yNU&amdata=enc%3AAQAHAAAAwMD9PSipP501oGqehxTJeuaFgupkADiCJ6pdh392CZYQAEd7%2B9afzIcp7SOVPSd0Bh%2FqUfvBFGWaTuDhI9AJSh%2FWvtRo39PvCOTWovI97lpocGCLrUWX7XRfO0KIDmtzhvxxHrnpnzsp9FKkqveon12Ma%2BMJShuuU1VdtCHXdyuhLkv1aKPH%2BTREG6cSWGWYBXU%2FP9BdJTVXexnUv%2FB7iepRiqPZnU2D6l0z%2B0uRZvAotbWN5wGnsscNViUWdJseBg%3D%3D%7Ctkp%3ABk9SR_St-ZPfYQ
BAMBOO SOCKS Natural Comfortable Soft Quality Casual or Dress for Men Women All,17.99 to 48.00,Brand New,https://www.ebay.com/itm/283256427499?hash=item41f36613eb:g:GeAAAOSwsWBf4GmC&amdata=enc%3AAQAHAAAA0G0J%2FMAKftIyqKebVaqO70ICFzLeFKeMLAZmF2qMeHkO%2FegjyBhDEDazin97B%2BU847XkpHRQADzesnflJBu%2BPPvP6R0KwGeVFzemsmTwMPoC%2BAtOvlHKNv4qkcvgMWItwwh%2FbxQGzWObEn9SLlhe0A8A2EET7hFgW0kmnrQ0l4CVuPv3U3WIMv%2BLXyvp00DGj8qn5eyoFrSoPg9AsM%2Bb7ZvjvZpcwacUx97fKDYbikGCbuyyxAgssuW6SaOAONLRPFey%2Bluzb6UNgTreYqBg4wg%3D%7Ctkp%3ABFBM9K35k99h
Gelante Men's Dress Socks Funky Fashion Casual Cotton 12 Pairs size 10-13,15.95 to 18.95,Brand New,https://www.ebay.com/itm/122918029740?hash=item1c9e7c49ac:g:CAUAAOSwZqlcQ4EG&amdata=enc%3AAQAHAAAA0BW111hH%2FuJHaIUWQSF%2B9MoFXQSLeExsIzT0F0x6heqJ1fjOMI7yg2KiN%2F18FdFlPL4NiaVZfa4pP4sq7twYpn5kwBaEfomP15pAPse%2BMrG%2BljY6DaUc16R%2BQ64yOQ%2FOyoqfFKjk1FI6%2F5vrjXhOrVVpgkNqM%2BQtqmf%2B1btxuoDNEUUsLuqKw1Rjyx307mV71QHYKOrARx3DF6G%2B6rENXRx6dSrCgCvwYAiHjLhZ8cnonY73SX4v89crUxhj86gJeDdc%2BZrOJS6sIP62r1qoWmc%3D%7Ctkp%3ABFBM9K35k99h
Mens NIKE Everyday Performance PLUS ANKLE Socks Pick 1 - 3 - 6 Pairs Dri Fit NEW,9.77 to 37.14,New (Other),https://www.ebay.com/itm/234630819754?hash=item36a1162faa:g:2msAAOSw45ZhBAwI&amdata=enc%3AAQAHAAAAwEJS5FuA9ShjsFNsR5swgLg3xWjc8kvOYdk4kObVIV%2Fewk7ipgkzExASrXFTx2lYrcC%2FKGllZ6cFiSuR2jl7BUXCNX0CWlrgFvnfRllp3ovM2Tn2T7t4DZYht6um%2F6McSnet%2BgIpa%2BL8sJQozJBPkjfGgfxitPzUxZ6M%2FgmzcgQJCSZuk9HV2ffm8zpHHMsa4V8IuMvXEngDpflKr54BJp5yCucoQsyv1egCRVC96ZhSqbk63FC1EBE6wNSUo%2F6ASQ%3D%3D%7Ctkp%3ABk9SR_St-ZPfYQ
Stance MLB Diamond Pro OTC Socks,15.39,Brand New,https://www.ebay.com/itm/144494737321?hash=item21a48eb7a9:g:4mAAAOSw7OBi4cuM&amdata=enc%3AAQAHAAAAwD6z1q8K2xYuynDqKyoikRgmMRTvcRsPMFPgOT4I%2BTdWZYKfrv0KkhB82XwtbyTWEOiNf2cBbmwU9gw9YR9BGQNTNYL1xhBK%2BhW7ObM2csuGCWJo3Y8IF1SfEsFJ1H9tqNSisBRG0I6qNsWU1iP5y3soGrwjhlIp45ZenA6IHB9wqIAACyjNrb76fAPJfJS7uI905gLlT3zTtmyqzsWS1QEQsF3rGERpDKBcy7pLK701dq%2BeM9Eq8Z8HSxLUIbEBKA%3D%3D%7Ctkp%3ABk9SR_St-ZPfYQ
3 Pairs Winter Merino Lambs Wool Heavy Duty Thermal Boots Socks For Mens 10-13,11.89,Brand New,https://www.ebay.com/itm/153968210977?hash=item23d9387421:g:YTwAAOSwCRhd1Ftb&amdata=enc%3AAQAHAAAAwK0%2FdHHc%2Bgr1ueE1P1065KKOB3S4FNDp93qJMgSXZWCIHtM3pCmK%2BUAFs5ZPR10%2B7TpXu3mCaEimNveGtaYGv%2FJO%2FT4jTRNChC3%2Fs8sXyGg%2BjGAEnwdaloqy33lhIsS3HD5frffzyHytPCOR14poYD1wThZMigYAsoW%2BQ9OiyW7ymgnEGH%2BPy05lj%2BTNE1cH6htBppbrP37WY10qWnAhWccr5EoIuloN%2B43wc%2BX3%2Bulyzihmd7UHFVsHeNY0d25gyw%3D%3D%7Ctkp%3ABk9SR_St-ZPfYQ
USOA Military Boot Socks Mens Calf Length Anti-Microbial 3 pair USA Made New,14.98,Brand New,https://www.ebay.com/itm/302543138178?hash=item4670f9ed82:g:8~IAAOSwB4BaGcpd&amdata=enc%3AAQAHAAAA4KD5KaZn7gf1ZOj9tIqx4dwcZBvWwJr%2FTZDAb%2Bmllwc31jaJOnodE0YfyTIhUAyRAXqn%2BDp8QbKqKbhT30rKL89ZJPXr88UuwhC7DN7J5DndRtQ4NJQO4HjL7b2VBKJ3Dff3xHyTJmb1XXGHhjrpsf4WsVB4wZDM%2BsVUfigqR1H7nqVN%2Bx4rc5s4IEvDlEWCr7qNzVME05baRZFpPZjW8ha%2B47gUpi4N2ZGPap8rJi8ke2BEddxiXxJJ%2BzPR1sYxlMRUKOUehfX233ongg69HGT9Z73sQrFputzAhE%2Bue6C4%7Ctkp%3ABk9SR_St-ZPfYQ
Champion Crew Socks 6-pairs Men's Athletics Logo Pack Extra Cushioning 3 Colors,15.00,Brand New,https://www.ebay.com/itm/303685922505?hash=item46b5176ec9:g:viEAAOSwVtFgJNvw&amdata=enc%3AAQAHAAAAwBxm%2BULbk3YKZK56gkYhD3gOWt%2BXlHI1TN6cNwtRN2sSON3YjTEWbwDIGRdUvaeLbL29%2BPDmn3Uw1ENiK0Twz9ydMwa3%2Ba2UlDy3ixIS7ixJOxb01aH3DBbj1X9IPZDbdQP8IVhCFx4OPo46mh9VZWf3Uzr%2B%2FPPjjGSnXSf3IdtnIzMFnJpZtkr%2FmNuFezABDgKJTMRFTJLUxefDFYowDCGYnByAxH4fR1Yiqf8kI%2BjIj2XWfdw9WV4CMVCDrUjCVQ%3D%3D%7Ctkp%3ABk9SR_St-ZPfYQ
Pro Feet Multi Sport Sock Team Soccer Baseball Softball All Athletic Knee Socks,8.23,Brand New,https://www.ebay.com/itm/252587177664?hash=item3acf5e76c0:g:J4EAAOSwkxteK3F9&amdata=enc%3AAQAHAAAA4GfR3cODrSOtQM3zbx8lQlG6Bmn65wddDv97puF1cGyPPdv8ZWAMX5wV%2FmyHHsxm8PruJqsh0gDnS7I6kbNWEiVlBsiTEBBD78MtTiRNkmDb%2BZtC4k2sj6i%2FKOcIeVd0twYG0NLBgbdzhHfuE0i%2FkildtDcRMHBoEzUGXFcGE65Y9v%2FMqtFp%2FQZWk7brYAT5yGQCqDuaW4YRuN%2B3D%2Bo8URFxDM%2BhhIYQEfwaFBGFkfCZBWZoVyjprf0MlxnYP0tVkfUi9DH0smMK6NgKgDXYkmTji54dCQzh1TolU6Jsopwy%7Ctkp%3ABk9SR_St-ZPfYQ
3-12 Pairs Diabetic Ankle Quarter Crew Socks Health Cotton Men Women Circulatory,7.49 to 18.99,Brand New,https://www.ebay.com/itm/321430966865?hash=item4ad6c75251:g:1jsAAOSwSANa63Rh&amdata=enc%3AAQAHAAAAwCM8tz9igjVuJ8vVH04iNirC0plOxo4EEqEqdQCXCI%2BGhNZssqauhW6w1dPswx%2Ff5BTNwSE8%2BM%2Bt%2Fw5Y%2FDzcan3oVtDbvQGcEwmpxCG4cuSnOKscONZ0Qo%2FPsFsgqa1QDYGb5DkHtbnXeYT998W2ECV8oN8suCMkwbUsrEdcp1iT%2Bl0zMl7C%2B0wxDR15YRFI%2B%2BwQOxC112xYHB262fnbAlz5a0uhUo51c2zIDXxK4IvPlV3ZJ43bDsLEib3S%2BAM8FA%3D%3D%7Ctkp%3ABk9SR_St-ZPfYQ
Stance Icon Quarter Socks 3 Pack,20.99,Brand New,https://www.ebay.com/itm/144614982478?hash=item21abb9834e:g:P6EAAOSwyCJi1uxb&amdata=enc%3AAQAHAAAAwJwbzARjBscGxwyksMDfg0YdBuSsJ4rLszZbXL%2Bg0GycSuyiVSetGuNEo78SG0qhch%2BFN%2ByuCebg%2BggslxX9PmGcgZXLR2tsvnv4kIpDD%2Bm03fT9m47DPsVRrGQt%2FfvmxdcznIUEDVPvRazuIWpxdPKsIl949tLLZjBxHzI4Q6HL6WNKUsrtrrVNAvl780UMv6sD3arWpNf90zjD6XLzI%2BdrngCES251if3%2F%2BaJ59Zi24bB5XjEzfdRoZ4tHGK%2F%2ByA%3D%3D%7Ctkp%3ABk9SR_St-ZPfYQ
3-12 Pairs Mens Solid Black Cotton Casual Formal Classic Dress Socks Size 10-13,6.99 to 14.99,Brand New,https://www.ebay.com/itm/154826372908?hash=item240c5ef72c:g:mzwAAOSwe8ph~FpY&amdata=enc%3AAQAHAAAAwOpMFJYwU9wnvjrsWVHcmABfb7zBnkPnKBOZMPkUfm7kkOkgmoU1b%2BG5%2BeoH9Y2fg5eN8U4Qms1ioa8Io5UCYPFMBAK75g%2BcSrT0ts6DTCXY3FQtr1Qpl0MTcN7N%2BMk966180Kv0wMaIEutNfC9flZ0UKOF2bZh8xsKPSto54ITa%2BZluvcJjVmsI2kzmgbU8i2HJFQvv0b9kcmz4S30kzUMt1wRCBn1EMtmVQVlzHqQ9Pf228GlvHPSxbQPlE%2FrL5A%3D%3D%7Ctkp%3ABk9SR_at-ZPfYQ
"Hanes Premium Classics Men's Cotton Socks, Crew, White, Black size 6-12",11.99 to 20.99,Brand New,https://www.ebay.com/itm/394381041947?hash=item5bd2f1211b:g:HTgAAOSwhCNjm-bo&amdata=enc%3AAQAHAAAAwIXEwl0ZcscHYdJ%2FUiR7V6mo8P6jVj0KxL0dhtcblIrgwRwXwWwqgfwqNaBSTGYtY%2F3f0UXhx%2FiiYelGIllIRa42uYtpe90GCIAKNPF0dTKi20lf1gdKamy8pR1A0pKkTJv4RCbmVkHJi%2FPgxqxx%2BiJtZCm%2FEPAujCAsdoyTWmEsAoreKMOs1c%2BbPrjooRqn7m2zzD5a6XJc2TjBAqQN415LO8bm1BKeZiYYGc9TX8tPNX43QYQebRyUkVSnAp6z3A%3D%3D%7Ctkp%3ABk9SR_at-ZPfYQ
Bombas Calf Crew Socks 5 Pair Unisex Size Medium Men's 6-9 Women's 8-10 1/2,19.95,Brand New,https://www.ebay.com/itm/403999556477?hash=item5e1040037d:g:-HUAAOSwLOJjdRPi&amdata=enc%3AAQAHAAAA4IbprAXimfBb0LM00JwnQEeVuC5eXQO9KO1Wps50FFHMUwDfewJjpQO2gnfYZdKe%2B7GGiVjUOPkEqzM8lEu2EtEziFYy3oheIjwkyWWpq66KwXucSrwmLNa1NJnMLVzyZ120KA1fnWapVLZRwxcyHSN46fIg%2F59DvDdMWwkJPNQ%2BI%2BLK4XrRDuAPdYgAwXvYU%2FU7udPPwH8jLE%2FcfTeW7IgEEPucdp77jkuSRnZbLe4RxTbC8wIVcjzDpsPvkHCMsheaF%2FUPeqlmrI9NgjW%2BrmmQEJcIcyIaWWdGVtWeU7mP%7Ctkp%3ABk9SR_at-ZPfYQ
Mens NIKE Everyday Performance PLUS LOW Socks Pick 1 - 3 - 6 Pairs Dri Fit NEW,10.95 to 43.69,New (Other),https://www.ebay.com/itm/234098626107?hash=item36815d8e3b:g:xQ0AAOSw9MRg-G-P&amdata=enc%3AAQAHAAAA4Ko2q0%2FbCn3SmPOAiFAB9pYiLh5b57WFO4hQwCDq2Sp%2Ble2T9A9MGJ5tf0DuzLDXDV1M%2FAB1WER0VHfrVhUpDlOetGUB4GrPrjFEW8kZIrluBDiJfuggwURyxaAYyCkmrNijs5vOpfpytrw1ca7gfVWEP90ar5rPAnu0ohRFWrZ%2FEHacvPXMrGCN7W%2FObdb%2BjLVv0ESMGqwwkHpWpwltoFhE81SrTkL8z090yN4q0JKxFfUS37z2WTnY0uC0BQ%2FTthIuqAUjCbXEdnSG0g9f8kjeBM%2BMvOJpL1VcUAiQBY7P%7Ctkp%3ABk9SR_at-ZPfYQ
3-12 Pairs Mens No Show Invisible Nonslip Loafer Solid Boat Cotton Low Cut Socks,5.99 to 13.99,Brand New,https://www.ebay.com/itm/154877295890?hash=item240f67fd12:g:byUAAOSwuc9iHozk&amdata=enc%3AAQAHAAAAwDncqjcfY69NU8SNi5aN8XX%2B9chXg%2BuydGp3%2Bp%2BIFCYyldliLGJbXPjHDaWQmzQT2OgX9QOvcSTZkH3zapG2KsjwsT9heGAtk9jwYM%2FrZ58bKKUVcYL6wP9Eudfnb%2BBbgTDmS81hB3uYqpIgkK5Xun6Unttoodl94UJR4nWmR5y%2B7tNSFzhkvAe6iJus3KuW0aU%2FSyDhFG8vx2X6sYO5tTOEc%2FViVM6tR4wU1jFcuA9AUOCApsI7SLe%2FveNTDr6lWg%3D%3D%7Ctkp%3ABk9SR_at-ZPfYQ
Lot 6-12 Pairs Mens Womens Leaf Weed Marijuana Cotton Ankle Casual Low Cut Socks,7.79 to 11.99,Brand New,https://www.ebay.com/itm/331671305971?hash=item4d39267ef3:g:YA4AAOSwpp9aynJI&amdata=enc%3AAQAHAAAA4Oxpp5TH1qN2yk0hD%2B6XtMN7M5qDcQJQwS%2FTqAywO%2F%2BZR8ip7SD7HynKMJqhzFoUEb0MTxUFYWP63ggcbjslScuYDXCPlsOoeSD6MfRCA5tLmG0Dgf6LEYnhKiIgYUbkotZOw2iWzqWpw6sBgU%2BWjEGKKyDhDpiPy8p1eYCQTOqGDedImzSySc9dET1RS6U9aWuu0CN6s78URSC00Rk0dByqLypLYAEC7EkItkYFy9ptL8xgImyPzWXo57Py%2FGoDguJGm%2F6Slcgp5u20i8NsIrbwvTeQf6SNgnm4nBegQlSo%7Ctkp%3ABk9SR_at-ZPfYQ
Nike Elite Socks Men's Extra Large 12-15 Black Gray Football Pair New with Tags,7.49,Brand New,https://www.ebay.com/itm/304834357350?hash=item46f98b2866:g:JoYAAOSw26ZkC2yX&amdata=enc%3AAQAHAAAAwCyUa5mDAWsjgvDyeietsAKM0a0apa7euKoxu134LeyGIu1rQ7ZQvs6zefcCBg8KAjeabXqCjBtKIi9vGEs6cuNATKihPM7hV4G2qhs%2FpMNRlDs3Q8wlrHsUQpnzBdRG62o9e2%2BKDH6TfypYTJ4Yc6mNzbxXyjOp6pMXk%2BisDlbHhzrJ6Fo%2FCkVTRPGiEWh746tsT368lwz024Nb2SH5nufQFI7lkGkTlzMlF02A%2BrWIYwMlVf8D6NTv89Sx4xaGXw%3D%3D%7Ctkp%3ABk9SR_at-ZPfYQ
Champion Crew Socks 6-Pack Double Dry Performance Men's Non-Chafe Toe sz 6-12,15.75,Brand New,https://www.ebay.com/itm/303331989151?epid=691178098&hash=item469ffed69f:g:J~kAAOSwXR1gKQ~0&amdata=enc%3AAQAHAAAAwI6OMJb0XmdWq1jolflFzRHjtdqSS0%2Fp4mbmefO8L9B0LS1Q1DmNyTwM3t4pGT%2BSC%2FsXba8OxD1xQYXdnVQTIGozv3BtVYW%2Ffhj%2BIQWxScnV%2FH%2B1CvTkledaW5KWm%2F2%2BG9oNWqwQuYdjaIhYFdib8ezsUpH6ms8cZTE7P6IEzUdYfJM3NDZdLsIHIckLRjVWWvBdMFWbOBybgLS%2FFGtoBGaiZZdBtTDQyM38PgZNAP5yYOuUwjuH4%2BmUz5OIBJ2Uqg%3D%3D%7Ctkp%3ABk9SR_at-ZPfYQ
12 Pairs 1 Dozen Old School Striped Crew Socks Retro Athletic Casual Classic,23.95,Brand New,https://www.ebay.com/itm/262236160693?hash=item3d0e7e42b5:g:TKcAAOSwoydWlGLo&amdata=enc%3AAQAHAAAAwD5VwKSH2gP1c1H%2B%2Bd2oLtTTLWmfKdsSN1bFrveQvBlLvPphiBiGkQIKGhAutaoAy733J773syLeefSHcXhtHsw3NXG6FPRULZLOjpRLO%2B29jB108cXD0wuf5z029hTcRKKV1Fg55dkfAV%2BSATcyGOsmZaXiVyH2U98wknaqB4atGevihBf95xT3%2Bz73950b1WeBbhnM3e%2FQBBaiFRsVquZf%2FsyLQoJX5gyLkRvN%2BGbbztbXFVGxCV3ZQoGg7%2B6HAw%3D%3D%7Ctkp%3ABk9SR_at-ZPfYQ
Compression Socks Stockings Men Women 20-30mmHg Support Miracle Calf Leg Sport,5.99 to 7.99,Brand New,https://www.ebay.com/itm/233293542719?hash=item365160f53f:g:MI4AAOSw7F9dNYRW&amdata=enc%3AAQAHAAAA4Cj0TlXQQci%2FcDRsu9g%2BsBCmAo4OIxzFGYtfukfn%2Fx0hEFtQYFh%2BLElsnJwVfsEDO3KB1YxIH7o3hhw2UgPHFZ9OpxtrnRVCrMqKJlCGmOLH60TaqGWgfzx%2BbsXyP6nbeOfxYFEsCrxB4bnUK7td4Gb8qS0BqONX1YtxNZSN64s4V7W2%2BwUDjewe372b8VFDAjZsp7yFhBu8DF6VV7Ta6iqRc9JqQ%2BGYoU7JgAWBbs%2FB2IXjk%2BHY0SiD8wVvolPZ2DyO2mjhcjBlyBhZEym8PgRPmhFNEipNMz0WXQ6cnFnJ%7Ctkp%3ABk9SR_at-ZPfYQ
New ListingBombas Men's Large 10-13 Men Calf Socks Black 5 Pairs,24.95,Brand New,https://www.ebay.com/itm/404208412156?epid=9035155052&hash=item5e1cb2e5fc:g:R0QAAOSw91tjUvrs&amdata=enc%3AAQAHAAAA4HJmYk%2BAib7znDc8tneFujLiSmZcPrJs05WkqCpHXT%2FJWP0IdWI9pdOunb7gp7RpNFIJ6dtBok5O%2FMx3fwvHwMRqepmMKcOGBAf3%2FdAUxc62X%2FVHddedqT6bQLyZhM4gU1tQs%2Fz33DEunpXu5%2F4amdsaei6Wn%2Fmxgmaue7IyHo%2BL02MOuRoie%2Bx9obopplm3KXDeO896TYseIow%2BEcLgg7he73q%2FqYvCaeF972XXKSAuJcNT0rku9lwvQlnv8SxHC3SQFACTwFmOYPj%2F4lgPEL3kSFFm%2B8tt0v9AY8XZPtG7%7Ctkp%3ABk9SR_at-ZPfYQ
Hanes® Men’s 6/12-Pairs Crew SOCKS  FreshIQ®-Cushioned-Cotton,12.99 to 24.99,Brand New,https://www.ebay.com/itm/185579008395?epid=691167760&hash=item2b355ef18b:g:RPAAAOSwWWtjILnP&amdata=enc%3AAQAHAAAA4CQt70jZiUXIgGo9WD4IKT5%2BnBWu3dX5WCjhOVE88m0CnsqpRFTpgeJmeULMUassKY2qdz9YwlRO6cjcX%2BIQPSlTqDAvFAzkNx6DSfKs3if5aqkBrXIgv8e5GAoHL%2BYDAfVcIAzcbjGXgf8TwNWwC1KuBUHJDCTpDdzUKSILB6Y%2Fm9GRtFZmKAa%2FSOzVeoL%2FpAsM7GrqyA3mzpJmUh3VupNltzcKCvO%2BkW%2F1Z55A%2FBQ03JNE%2Fk9%2Fz7cBvxdnIDVbBdEvkZMZ3jiN%2BPLhQalngNGExhNob%2FQJyxY4hVOhTmdv%7Ctkp%3ABk9SR_at-ZPfYQ
